Country Code,1996,1998,2000,2002,2003,2004,2005,2006,2007,2008,2009,2010,2011,2012,2013,2014,2015,2016,2017,2018,2019,2020,2021,2022
ABW,,,,,,0.915526807,0.847438395,0.810431302,0.826464057,0.847226143,1.426206708,1.416113615,1.322458386,1.309788346,1.292504787,1.036310434,1.226623058,1.226442099,1.294831514,1.259411931,1.227761626,1.270262361,1.247303724,1.278907537
AFG,-1.788075447,-1.734886765,-1.780660748,-1.673473239,-1.5582937,-1.693925261,-1.662965536,-1.879004836,-1.852560043,-1.903307557,-1.876118779,-1.87005806,-1.922500134,-1.651893139,-1.609111547,-1.437044501,-1.515202641,-1.520713925,-1.583736897,-1.688586712,-1.741318822,-1.831374288,-1.87635684,-1.658442259
AGO,-1.630469322,-1.527338624,-1.601501703,-1.633343816,-1.482855916,-1.520916343,-1.464794993,-1.31127274,-1.375133514,-1.378563881,-1.236289263,-1.272953272,-1.277053237,-1.304776907,-1.290795803,-1.074789524,-1.030846119,-1.0038656,-1.039731503,-1.000932217,-1.025190949,-0.950999379,-0.984480023,-1.021904588
ALB,-0.6844818,-0.929671705,-1.020667672,-0.762321413,-0.716323495,-0.701032341,-0.763833165,-0.703135848,-0.661545992,-0.600079298,-0.494370162,-0.385760486,-0.442926466,-0.519839764,-0.518606007,-0.310979843,-0.318997443,-0.32136485,-0.412762374,-0.414187849,-0.425378829,-0.376249194,-0.280372351,-0.165779099
AND,1.158362508,1.177253962,1.286165476,1.223840594,1.055983305,1.194324493,0.966194272,0.85568583,1.168245077,1.186387658,1.21778512,1.197924614,1.399273753,1.401187778,1.401491046,1.638325453,1.512989044,1.513311863,1.534928083,1.536625862,1.510484815,1.61627841,1.64212966,1.48544991
ARE,0.688413978,0.716092944,0.655752897,0.702703297,0.544806302,0.433262318,0.389575779,0.311535925,0.274766088,0.417219996,0.39927873,0.317414135,0.498547107,0.534359634,0.613574982,0.651266217,0.614114046,0.819180787,0.767983139,0.77433306,0.80805707,0.876260638,0.799450576,0.836642742
ARG,0.075552642,-0.038881578,-0.214404494,-0.761098087,-0.777115822,-0.767380178,-0.557991087,-0.577015638,-0.601472259,-0.699731648,-0.694468081,-0.598094225,-0.563123286,-0.623034239,-0.656233191,-0.866434515,-0.748842359,-0.320517689,-0.238357037,-0.219662562,-0.427303702,-0.487334788,-0.476669818,-0.480682313
ARM,-0.469098508,-0.380856782,-0.501016259,-0.438531369,-0.302864641,-0.481950611,-0.388776749,-0.544567347,-0.496518046,-0.337751359,-0.468710691,-0.48135832,-0.437706411,-0.418281972,-0.340971231,-0.417796254,-0.463257581,-0.160720766,-0.209941223,-0.19733353,-0.177528098,-0.125852257,-0.119232148,-0.168567225
ASM,0.2908732,0.336353168,0.26694363349999994,0.298010424,0.36754252,0.83959645,1.109415412,1.069221497,1.090919852,1.117979527,1.125054717,1.1112082,1.090952396,1.09636724,1.101331592,1.407080054,1.28536284,1.27953577,1.294769168,1.296713471,1.268459797,1.119430304,1.138901711,1.221117854
ATG,1.050844908,1.053563118,1.034903526,1.034552217,1.037949681,0.908433735,0.659244239,0.921211839,0.893503189,0.937939405,0.972667456,0.952869892,0.942094743,0.945719004,0.831776917,-0.175930172,0.553204715,0.473494411,0.406978101,0.376565635,0.363741606,0.407973528,0.303531021,0.391315579
AUS,1.713399053,1.756802797,1.722066879,1.767046571,1.842772126,1.795392394,1.71280241,1.756738544,1.743887424,1.759083509,1.733008742,1.757718325,1.733153701,1.759779572,1.77010262,1.918719649,1.790478706,1.716897726,1.64458847,1.67455554,1.694471836,1.614245057,1.639288187,1.510085225
AUT,1.808153033,1.803287983,1.81233263,1.85791266,1.847917438,1.816664338,1.847249508,1.899768829,1.941825628,1.910698891,1.777442694,1.801202655,1.79896307,1.857123733,1.834038258,1.938500404,1.814850807,1.761596799,1.799017429,1.853449583,1.862250328,1.770163417,1.752518773,1.705850244
AZE,-1.201161504,-1.121610641,-1.145636201,-0.964197218,-0.884644747,-0.900518477,-0.792612433,-0.885929227,-0.88002038,-0.836160481,-0.879176021,-0.891145051,-0.938726485,-0.879532695,-0.756104469,-0.696949005,-0.717284381,-0.53890878,-0.584700108,-0.619775176,-0.610212207,-0.730720103,-0.606355965,-0.624645591
BDI,-1.416120291,-1.37878561,-1.568517089,-1.398002028,-1.484030128,-1.479950547,-1.128466725,-0.98323828,-1.078666925,-1.038100004,-1.159935355,-1.205401063,-1.153804302,-1.083929777,-1.076438308,-0.970426798,-1.185967684,-1.484841824,-1.41499579,-1.513906837,-1.453600526,-1.339616895,-1.312593341,-1.277139783
BEL,1.366946697,1.218205571,1.313934088,1.344935656,1.33109653,1.311229825,1.257640839,1.2245996,1.315387249,1.335205793,1.377148151,1.417852521,1.434848905,1.448809624,1.456789732,1.548629999,1.456469893,1.394306898,1.319779158,1.33861649,1.33622694,1.328004122,1.292380214,1.348942399
BEN,0.052315507,0.050550632,-0.181523725,-0.260578573,-0.425706029,-0.476601571,-0.534019768,-0.531569779,-0.513145149,-0.530703068,-0.65431422,-0.673685908,-0.658945084,-0.574936271,-0.567833364,-0.485179126,-0.554906368,-0.625831366,-0.644662261,-0.691577911,-0.677024126,-0.764496326,-0.629469573,-0.602389514
BFA,-0.933221638,-0.912859261,-0.732384086,-0.799848557,-0.624177575,-0.535743415,-0.500521123,-0.433823466,-0.395825952,-0.344681531,-0.204172462,-0.194905058,-0.350398898,-0.4258551,-0.526613951,-0.545646906,-0.541016102,-0.454765856,-0.414195448,-0.458880723,-0.465154022,-0.468150288,-0.464600652,-0.60767895
BGD,-0.934023738,-0.935864508,-0.991129994,-0.991601229,-1.151943922,-1.122482061,-0.978551865,-0.907564044,-0.827155948,-0.752373576,-0.784571469,-0.801013291,-0.733335555,-0.936167359,-0.871759772,-0.782509089,-0.770436168,-0.670857012,-0.681922019,-0.649730861,-0.644387662,-0.56792897,-0.625113249,-0.60133934
BGR,-0.344958007,-0.222114488,-0.123777077,-0.056049991,-0.171991765,-0.118167765,-0.108557619,-0.108846173,-0.057684425,-0.121088021,-0.040312354,-0.097061358,-0.141564161,-0.115051359,-0.147228062,-0.081918642,-0.159006894,-0.139942423,-0.124983504,-0.105625674,-0.036942877,-0.127281368,-0.068356052,-0.107211575
BHR,-0.010116266,0.35234648,0.280279636,0.545502603,0.593708754,0.696617663,0.597055912,0.370951921,0.521369874,0.525411844,0.51149267,0.42974022,0.346452385,0.253650159,0.32640186,0.413401127,0.400236338,0.430590719,0.41926384,0.383981407,0.464157701,0.455399364,0.441886842,0.438828617
BHS,1.146361232,1.258561134,1.290822387,1.400981069,1.418727994,1.38215363,1.366913676,1.075713396,1.251347661,1.185666084,0.790569603,0.716390431,0.61066407,0.614439547,0.632410944,0.664432347,0.569784105,0.234157801,0.163212508,0.069533847,0.046137974,0.023263842,0.070441306,0.133635864
BIH,-0.241686642,-0.671884239,-0.602258623,-0.656005681,-0.616845548,-0.490674227,-0.519786179,-0.496493608,-0.46990642,-0.407430083,-0.360137552,-0.355648875,-0.331778318,-0.197178289,-0.139309406,-0.13222298,-0.264293224,-0.191816986,-0.20064795,-0.225131854,-0.225027755,-0.315116078,-0.302860886,-0.306685209
BLR,-0.798983991,-0.891576588,-1.100583553,-1.250310659,-1.072918296,-1.188538194,-1.155784011,-1.303660631,-1.165873528,-1.068890095,-1.026430488,-1.072440624,-1.112897038,-0.923038542,-0.881984413,-0.815033615,-0.878960729,-0.765370846,-0.879581809,-0.892303824,-0.858075738,-1.082241893,-1.121383548,-1.221556544
BLZ,0.084681548,-0.106160082,0.098326825,-0.045510951,0.190566957,-0.052921403,-0.048588708,0.023866652,-0.044806231,-0.133091673,-0.323144495,-0.281174034,-0.469881326,-0.435866833,-0.451345652,-0.814310551,-0.793606222,-0.970443428,-0.974695504,-0.842277706,-0.855515778,-0.825402975,-0.8000862,-0.720759094
BMU,1.210201263,1.209021807,1.230997324,1.209135413,1.228445053,1.092697859,0.847438395,0.810431302,0.826464057,0.847226143,0.856926978,1.1112082,1.090952396,1.09636724,1.101331592,0.019607974,0.830110431,0.811983705,0.814451456,0.816888571,0.784409344,0.622582138,0.635673702,0.692453921
BOL,-0.261528313,-0.22726056,-0.368222207,-0.378112555,-0.46946907,-0.626744568,-0.765424848,-0.853729308,-0.832326353,-0.978549302,-1.1139189,-1.029790163,-0.98403579,-1.018764019,-1.05081141,-1.058175683,-1.161920667,-1.238175988,-1.244755507,-1.211845517,-1.18922472,-1.219215512,-1.176882386,-1.300902247
BRA,-0.223502204,-0.202992082,-0.244871855,-0.266611308,-0.367893666,-0.400920123,-0.475531459,-0.402620196,-0.409779429,-0.28804478,-0.103854693,0.056414437,0.045141723,-0.076932795,-0.091847032,-0.052719016,-0.187204733,-0.201229781,-0.305652469,-0.302387714,-0.224174306,-0.23170203,-0.300649881,-0.257250935
BRB,1.046772957,1.232990623,1.396225691,1.493938923,1.519153237,1.424127698,1.334750891,1.225232124,1.313636422,1.298601985,1.007878065,1.074538469,1.074076295,1.025717378,1.039596438,1.080372453,1.063933611,0.763969719,0.626516402,0.363926589,0.324169725,0.296676338,0.341037989,0.358760208
BRN,0.816034913,0.531829596,0.517945468,0.480448902,0.564721584,0.370861232,0.23348026,0.115104832,0.401655525,0.457919598,0.782543302,0.77304095,0.842867792,0.787489593,0.589224994,0.472058415,0.381170213,0.534906089,0.617958605,0.59877342,0.587054789,0.897616625,0.8612082,0.934209585
BTN,-0.031503625,0.038308375,0.130426154,0.069401726,0.136125684,0.223591417,0.332806766,0.21245949,0.36783278,0.421698183,0.219097927,0.161859259,0.205665544,0.260953724,0.317648262,0.417663902,0.534968972,0.509927452,0.63007921,0.548555255,0.584862649,0.579251528,0.604691029,0.672034562
BWA,0.584521055,0.631555796,0.577083766,0.559019983,0.670592189,0.562500656,0.541108727,0.513664186,0.54485631,0.610460937,0.586034954,0.596930504,0.601400375,0.594521701,0.49451527,0.539543569,0.483489394,0.379885048,0.359771252,0.383702308,0.434365034,0.382423937,0.454513997,0.467351377
CAF,-1.152381301,-1.166547298,-1.375956655,-0.955280721,-1.433038116,-1.562012315,-1.451329947,-1.544903755,-1.573918343,-1.431870461,-1.323868155,-1.311998963,-1.305445433,-1.438803792,-1.808942914,-1.706067681,-1.710966468,-1.850577712,-1.761831522,-1.716630101,-1.764458179,-1.751738191,-1.688932657,-1.701157451
CAN,1.647254705,1.714995384,1.665486097,1.661396027,1.697056532,1.68714726,1.6501472,1.801083326,1.797100186,1.796393037,1.796726704,1.798590422,1.727119923,1.756421208,1.747499347,1.886384726,1.807273388,1.801364541,1.762530088,1.715095401,1.719728947,1.618298292,1.593748927,1.566220164
CHE,1.931551933,1.927548409,1.94582057,1.918213367,1.89939785,1.886195421,1.901669383,1.803771615,1.827945709,1.804707885,1.743140936,1.74979496,1.722141981,1.81180203,1.796086431,1.99034977,1.909451962,1.906831503,1.888404846,1.887877226,1.863118887,1.778294921,1.768213391,1.751806736
CHL,1.113738179,1.097601771,1.260923386,1.257240057,1.177210808,1.16569674,1.210211039,1.181291223,1.195187569,1.210357308,1.194090486,1.225415707,1.263338566,1.287656784,1.255251408,1.34896946,1.220056891,0.960226476,0.979842782,0.939828157,0.92345041,0.927434802,0.891350985,0.69040066
CHN,-0.545589983,-0.476805359,-0.516117156,-0.517029762,-0.553043842,-0.585468709,-0.650172889,-0.699893415,-0.597397745,-0.479174674,-0.463213772,-0.472601861,-0.453809977,-0.545384467,-0.525990129,-0.396166623,-0.409359097,-0.324869663,-0.256216943,-0.186719537,-0.262363702,-0.102287054,0.010760916,-0.041443985
CIV,-0.78543514,-0.922914207,-1.247669816,-1.329227209,-1.358520508,-1.424531221,-1.539367676,-1.462903976,-1.471718073,-1.43818152,-1.25304389,-1.236002564,-1.282681704,-1.094172716,-0.914480269,-0.592921734,-0.651138127,-0.662258983,-0.650523126,-0.602161288,-0.610560477,-0.655076623,-0.661812484,-0.479640156
CMR,-1.441894889,-1.138637066,-1.192747235,-1.265375614,-1.163299561,-1.173222542,-1.190440297,-1.16298461,-1.185816526,-1.10583663,-1.130954266,-1.079244137,-1.080898523,-1.042930365,-1.058035612,-0.89759171,-0.998011053,-1.058609724,-1.052671194,-1.102895379,-1.143522501,-1.168966174,-1.117601871,-1.045376182
COD,-1.87656343,-1.918398976,-1.820564389,-1.767720342,-1.850252748,-1.718435168,-1.544528484,-1.621696711,-1.614736915,-1.573676467,-1.644039631,-1.62714994,-1.625537157,-1.662914276,-1.584831834,-1.462760568,-1.600078106,-1.64749825,-1.71502316,-1.803210378,-1.814208746,-1.822215557,-1.72392869,-1.672433853
COG,-1.04381001,-1.618808627,-1.348498344,-1.290985346,-1.267970681,-1.190250158,-1.471203566,-1.266345739,-1.22322464,-1.193442583,-1.220139623,-1.218047857,-1.2075212,-1.142050862,-1.12112391,-1.119276404,-1.136449218,-1.149629116,-1.161364198,-1.134261727,-1.110405087,-1.120401978,-1.098482132,-1.089522958
COL,-0.75183779,-0.662920475,-0.92503792,-0.749073088,-0.739117563,-0.695200145,-0.633081853,-0.508387923,-0.432980388,-0.381235987,-0.367777586,-0.27138561,-0.217361465,-0.325919122,-0.387949467,-0.251975983,-0.246754706,-0.265702873,-0.366342157,-0.38366577,-0.391018122,-0.492650598,-0.469918787,-0.426875532
COM,-0.878604293,-0.881385922,-1.168427587,-0.744692981,-0.751481771,-1.016921878,-1.044190645,-0.977074742,-1.039637446,-1.069913983,-1.157972217,-1.076230526,-1.046474814,-1.078929543,-0.954957306,-0.898310542,-0.852633536,-1.047331333,-1.107463121,-1.142884612,-1.156975269,-1.275882244,-1.256778717,-1.313717961
CPV,1.044188142,0.672074854,0.638421953,0.267433614,0.256376088,0.341849148,0.374146014,0.640256405,0.610765517,0.57134515,0.532929718,0.463277847,0.506770432,0.514070094,0.551252127,0.66221118,0.56853348,0.285072565,0.35612604,0.39301616,0.452138633,0.433581084,0.331181914,0.36523217
CRI,0.618176877,0.633012652,0.537079811,0.554997206,0.526866555,0.502903223,0.49726367,0.389714092,0.354344755,0.453689337,0.5788095,0.53576088,0.443259001,0.528911471,0.563845575,0.583418787,0.492776275,0.43120721,0.428042173,0.467701107,0.529437542,0.498481661,0.424208134,0.43657729
CUB,-1.136810899,-1.045863271,-1.049848676,-1.173974276,-1.22319901,-1.107119799,-1.086534739,-0.7638188,-0.690431654,-0.827655673,-0.712426066,-0.722509027,-0.693881631,-0.708632588,-0.699207544,-0.65520066,-0.719569623,-0.459497154,-0.451012492,-0.464358032,-0.341410756,-0.287810236,-0.418762296,-0.45963496
CYM,1.459768295,1.460960031,1.491396904,1.469418406,1.228445053,1.143317938,0.847438395,1.069221497,1.090919852,1.117979527,0.890962958,0.894479394,0.876532793,0.890999794,0.895805478,0.586509824,0.783619344,0.764758408,0.744137228,0.739916861,0.733900785,0.727434754,0.741474807,0.721195281
CYP,0.857321024,0.945576549,1.016058803,0.989593506,0.938781798,0.908674181,0.877258122,1.09397459,1.105589747,1.206638575,1.206133962,1.209607244,1.065313101,1.093559384,1.030020833,1.074913144,1.010877728,0.693356812,0.854259431,0.721238017,0.727045774,0.547705591,0.60605073,0.570798516
CZE,0.915322721,0.866274714,0.607116282,0.859825134,0.873709798,0.758330762,0.857741058,0.862385094,0.878743947,0.900237203,0.956217825,0.93091917,1.017497182,1.022601604,1.023850799,1.138921142,1.107018948,0.988416016,1.087796569,1.019899011,1.017312288,1.019453645,1.090659142,1.100805759
DEU,1.609529257,1.621989489,1.609418869,1.634389877,1.637584686,1.620204449,1.652198195,1.770086169,1.755590677,1.734026194,1.648672223,1.637504697,1.618219256,1.669232011,1.642112851,1.850373387,1.759659886,1.583852768,1.573621154,1.591349125,1.581253052,1.519799232,1.572336793,1.533154368
DJI,-0.971613765,-0.909501016,-0.88296622,-0.939510047,-0.879082382,-0.772796214,-0.954747617,-0.886092663,-0.771052897,-0.656676888,-0.697536051,-0.752101779,-0.821726501,-0.803623497,-0.774326742,-0.875662029,-0.944647133,-1.000653863,-0.93407172,-0.950232685,-0.946248353,-1.04289186,-1.02881515,-1.102044463
DMA,0.84241569,0.843007863,0.803646386,0.809390962,0.804431558,0.7200284,0.677165985,0.740866184,0.701219738,0.6933887,0.741603673,0.717768133,0.687728584,0.699136794,0.720964015,0.550097764,0.701884568,0.649003744,0.66044718,0.704500496,0.717998266,0.790470541,0.691172361,0.733293772
DNK,1.820808649,1.837266684,1.808733463,1.882340789,1.920511007,1.930523992,1.936109066,1.983498931,1.995170474,1.954056263,1.917127132,1.898441792,1.919791341,1.875066876,1.902293801,2.10087657,2.015602112,1.883536696,1.803556561,1.773296595,1.833646059,1.808279395,1.89605689,1.900308132
DOM,-0.522590637,-0.576960266,-0.676537395,-0.705224693,-0.640382707,-0.680870891,-0.685749292,-0.584695756,-0.625862598,-0.682735622,-0.809174061,-0.855494201,-0.808169067,-0.716865838,-0.535113275,-0.38400799,-0.530484796,-0.39485696,-0.43001011,-0.365889728,-0.321246088,-0.173210472,-0.11531885,-0.092175312
DZA,-1.218194842,-1.198362112,-1.245844364,-0.636733174,-0.605380774,-0.616287351,-0.773644507,-0.775204539,-0.791886449,-0.767772257,-0.825566888,-0.816793382,-0.845334828,-0.812617719,-0.693158984,-0.804205596,-0.94210124,-0.917128682,-0.925527453,-0.807303429,-0.86179626,-0.800302982,-0.832210958,-0.832472682
ECU,-0.449707776,-0.539550304,-0.666360259,-0.756515443,-0.780572593,-0.76489985,-0.821377993,-1.031002641,-1.032861471,-1.105306387,-1.205040216,-1.143229127,-1.144285321,-1.063925147,-0.870148361,-0.97051096,-0.956348419,-0.648918271,-0.718148053,-0.663210571,-0.542889178,-0.541196287,-0.353610903,-0.620224118
EGY,0.001262441,-0.126968279,-0.051582698,-0.011468072,-0.002354469,0.013317895,-0.001223235,-0.27896744,-0.246213481,-0.129783601,-0.083344996,-0.17486386,-0.483893096,-0.536399841,-0.735893428,-0.698362648,-0.602962196,-0.478956431,-0.4497509,-0.302149117,-0.333438784,-0.319997311,-0.259292424,-0.263772666
ERI,-0.655131698,-0.63481617,-0.795131266,-0.734666824,-0.817993104,-0.933583379,-0.975512564,-1.180051565,-1.275266886,-1.308455467,-1.314685941,-1.353037119,-1.361762047,-1.425428391,-1.431260705,-1.567002535,-1.52557373,-1.662489295,-1.598842502,-1.620147109,-1.631714582,-1.492109537,-1.581945896,-1.771386266
ESP,1.435085535,1.30619204,1.407501459,1.228931546,1.247760773,1.128972054,1.117549539,1.119876862,1.153809786,1.183748126,1.156002283,1.156788111,1.1693784,1.037798285,1.02529192,0.966522396,0.885937512,0.965485215,1.023507476,0.978212118,0.990445971,0.862033606,0.843659341,0.799932122
EST,0.574426711,0.592054188,0.594717026,0.791837811,0.770817876,0.883017778,0.903708637,1.129732013,1.122275472,1.155439734,1.124658585,1.153129935,1.175814986,1.150941491,1.191487908,1.369988799,1.300439954,1.192749023,1.247594357,1.203603506,1.243151188,1.336464643,1.389533639,1.426389098
ETH,-0.965788543,-0.908676982,-0.983719409,-0.959304392,-0.834280729,-0.893445909,-0.938896775,-0.667515755,-0.659463108,-0.706700683,-0.832281888,-0.807519138,-0.741804361,-0.677317858,-0.649538219,-0.468450874,-0.527424872,-0.50812608,-0.471185684,-0.445004612,-0.484146088,-0.405230105,-0.624359071,-0.623456955
FIN,1.907921553,1.952075005,1.953407645,1.903888941,1.958634257,1.939888597,1.950941563,1.959513426,1.89684999,1.910381198,1.962568879,1.961252689,1.939538002,1.944033504,1.955659628,2.124782085,2.053113937,2.008164883,2.023436785,2.034647465,2.012981415,2.020997286,2.013481617,1.958372474
FJI,0.323474795,0.343518049,-0.276727378,0.006907965,0.009974545,0.06838835,0.103356399,0.051683944,-0.621160269,-0.574613035,-0.865079582,-0.744324744,-0.711457431,-0.67112577,-0.72579509,-0.514017463,-0.363319486,-0.089848541,-0.081602976,0.176778913,0.422631532,0.195874199,0.29833591,0.321682155
FRA,1.483683348,1.364515781,1.432307482,1.212872624,1.333288908,1.425192833,1.407830477,1.462172866,1.456374407,1.496273756,1.445757031,1.499731541,1.429734826,1.436932445,1.40233779,1.453593969,1.366789818,1.35174191,1.39693749,1.396100879,1.371217132,1.29722631,1.260251999,1.182720423
FSM,0.809140563,0.876508176,0.839712262,0.833945811,0.83328414,1.012554407,1.133569241,1.183637261,1.158916712,0.50698024,0.328725517,0.142505497,-0.049869217,0.032678116,0.120530084,-0.244236752,-0.283465952,-0.004067487,0.055400982,0.035041142,0.081636302,0.188530937,0.519451082,0.686108768
GAB,-0.65305227,-0.370705366,-0.182711691,-0.249034658,-0.406030953,-0.48354283,-0.396706045,-0.75450623,-0.706393182,-0.62444061,-0.503719747,-0.461410344,-0.403134197,-0.414806485,-0.522406638,-0.472979218,-0.564170301,-0.611847818,-0.72467494,-0.720236599,-0.75519371,-0.681152165,-0.705375612,-0.84057945
GBR,1.62873435,1.733099103,1.667143583,1.651892304,1.667399526,1.607600212,1.55816102,1.772394538,1.720192194,1.696649432,1.731597781,1.774692535,1.658743739,1.729413867,1.689435244,1.874803424,1.771035671,1.640457749,1.644319415,1.60294652,1.569445848,1.462932229,1.396580219,1.415491223
GEO,-1.25632596,-1.218148708,-0.938497543,-1.084056258,-0.912254095,-0.749769986,-0.695962608,-0.461667329,-0.344459146,-0.26294446,-0.199315324,-0.20598498,-0.119617037,-0.006217348,0.00495237,0.224652022,0.221943572,0.336223185,0.262213171,0.270468593,0.248666972,0.222179666,0.144988313,0.169973269
GHA,-0.23357825,-0.439805567,0.078732707,0.023213815,0.007860686,-0.126287416,-0.134525463,0.056496635,0.039233431,-0.062382013,-0.042356919,-0.033293352,-0.003144076,0.016669463,0.15427576,0.063672259,0.123623751,0.034714688,0.108088382,0.051578201,0.015498661,-0.079614252,-0.106361292,-0.076319806
GIN,-1.447080135,-1.391768932,-1.389179468,-1.080204725,-1.154066205,-1.302322268,-1.423453331,-1.420995474,-1.452069283,-1.540276289,-1.5522995,-1.485632777,-1.448172688,-1.399059772,-1.383079529,-1.367539644,-1.187036753,-1.243085742,-1.254833937,-1.230892658,-1.238390446,-1.302762151,-1.160717487,-1.102358937
GMB,0.0169813,-0.002620436,-0.145569503,-0.180294082,0.163011163,-0.389444947,-0.456847787,-0.37112534,-0.330507666,-0.425357461,-0.519139886,-0.570687115,-0.558868945,-0.59986788,-0.64948678,-0.696619987,-0.745699286,-0.79889518,-0.455021232,-0.455911905,-0.407074153,-0.39465192,-0.406059206,-0.449605197
GNB,-1.67290616,-1.880132079,-1.319461226,-1.107601404,-1.226374745,-1.1984483,-1.259566665,-1.256101966,-1.325372577,-1.406033039,-1.347027421,-1.336950183,-1.323492527,-1.542393088,-1.611724138,-1.338504314,-1.312096477,-1.537045121,-1.471865296,-1.26575613,-1.303054333,-1.399573922,-1.461930871,-1.45421803
GNQ,-1.283217788,-1.352814674,-1.3358922,-1.244333625,-1.2268852,-1.196568251,-1.238877058,-1.093562722,-0.98628068,-0.87139225,-0.98819977,-1.010709286,-1.008374453,-1.049776435,-1.168726563,-1.317287445,-1.335403919,-1.392327547,-1.370825529,-1.424320102,-1.286557078,-1.162327766,-1.201039076,-1.406256437
GRC,1.05352366,0.77567035,0.861044526,0.723845243,0.789709985,0.899134219,0.784953773,0.863401473,0.859287739,0.853603005,0.646844327,0.583895683,0.533327162,0.388231575,0.467147976,0.373847544,0.252081782,0.112276845,0.049084142,0.112756364,0.157741681,0.289413631,0.321593732,0.32558471
GRD,0.425557196,0.421897411,0.341131985,0.359068334,0.33739537,0.280416071,0.378238171,0.259322912,0.191248715,0.127722353,0.157519296,0.118389398,0.172344387,0.186642453,0.199680164,-0.137727961,0.175030604,0.618741393,0.461015522,0.249573827,0.187111259,0.326836467,0.489527076,0.554005027
GRL,-0.3504655064999999,-0.30968648200000004,-0.27232980749999997,-0.3159118295,-0.38177266700000007,-0.390841216,-0.3350343855,-0.4192190615,-0.46489998699999996,-0.4972816255,1.716114283,1.72867775,1.733143568,1.712427616,1.689050317,1.734398961,1.671263099,1.689954519,1.688615322,1.701723337,1.710528135,1.701575994,1.687229514,1.690608263
GTM,-1.126488209,-1.041270375,-0.8857916,-0.990891993,-1.100940704,-1.062098503,-1.048306942,-1.097761035,-1.121048689,-1.122285604,-1.013138294,-0.944123864,-1.031414747,-1.083919644,-1.093928218,-0.956078649,-0.953765869,-1.031354308,-1.076287866,-1.075466394,-1.100035071,-1.099682927,-1.109790802,-1.127138257
GUM,-0.665169269,-0.7042121140000001,-0.6547031405,-0.7543874385,-0.8384207785000001,0.991457164,1.109415412,1.069221497,1.090919852,1.117979527,1.125054717,1.1112082,1.090952396,1.09636724,1.101331592,1.407080054,1.28536284,1.045759678,1.294769168,1.296713471,1.268459797,1.119430304,1.138901711,1.221117854
GUY,-0.203850329,-0.367153853,-0.423614681,-0.517882884,-0.575900853,-0.619943142,-0.663847804,-0.564467251,-0.457055211,-0.580651641,-0.555844963,-0.477120876,-0.510029078,-0.518265724,-0.524389088,-0.61473,-0.541154861,-0.313586026,-0.298891038,-0.383601844,-0.445426762,-0.434385359,-0.416192442,-0.313648909
HKG,0.750565767,0.984140694,0.796505094,1.265542507,1.536875725,1.567833304,1.60160768,1.539627671,1.510004997,1.478216887,1.488869309,1.53603065,1.545700312,1.573567033,1.565820932,1.85651195,1.790758491,1.684153914,1.679865718,1.72961247,1.565521359,1.550321102,1.412281513,1.279203296
HND,-0.929349244,-0.885578394,-0.998041213,-0.879591942,-0.936451733,-0.850290716,-0.77110076,-0.988683164,-0.928942919,-0.971363068,-0.895501971,-0.875314057,-0.905360878,-1.146425009,-1.172824979,-0.942938149,-0.94206965,-1.136575222,-1.062726617,-1.0571872,-1.04142189,-1.010110259,-1.087209821,-1.01709938
HRV,-0.634232163,-0.406373352,-0.029868536,-0.144792929,-0.045993946,0.041216489,0.083347566,-0.048246041,0.038477756,0.025006728,0.043875948,0.080469035,0.109395981,0.145079002,0.178020224,0.218247041,0.127141327,0.340458125,0.308140725,0.30137977,0.348271519,0.236004218,0.275992751,0.368116319
HTI,-1.387390733,-1.425189376,-1.455036402,-1.713909388,-1.737163544,-1.729329109,-1.663088679,-1.412974358,-1.349949956,-1.285773396,-1.334303737,-1.38317585,-1.418013215,-1.332100272,-1.300454021,-1.180394053,-1.196147084,-1.013668776,-1.09687674,-1.061642289,-0.975454748,-1.03267777,-1.262203574,-1.377360702
HUN,0.910500646,0.813627005,0.832505941,0.868621826,0.805350184,0.846134841,0.838809192,0.976617098,0.941449285,0.913386524,0.771155953,0.772669375,0.756602585,0.611102879,0.582987368,0.509287119,0.381605446,0.412847847,0.535368443,0.554466903,0.498275101,0.490737408,0.506304801,0.423674017
IDN,-0.48987031,-0.750535488,-0.696610868,-0.91026473,-0.859100699,-0.732880175,-0.797872186,-0.694450855,-0.698989928,-0.673782587,-0.611935318,-0.6560449,-0.599643946,-0.58356905,-0.533191502,-0.310617834,-0.424311131,-0.338147759,-0.350048095,-0.313785791,-0.346690059,-0.362381369,-0.253610879,-0.188954651
IND,0.313456208,0.335014313,0.348079592,-0.017395871,0.120161645,0.053356059,0.133130163,0.178989619,0.096898161,0.09585046,0.017980825,-0.035810821,-0.08629714,-0.062880747,-0.045691311,-0.068644837,-0.069937095,-0.055489417,-0.029448533,-0.000957083,-0.06662368,-0.057718564,-0.108277,0.114700042
IRL,1.501040101,1.591489792,1.539682627,1.59532547,1.482466817,1.510679841,1.584284186,1.708898306,1.728221416,1.704128385,1.743099332,1.760813236,1.746468544,1.727203608,1.70915544,1.760694742,1.728686571,1.466296315,1.379863262,1.412387013,1.347805619,1.456939459,1.493408203,1.527414441
IRN,-0.94033891,-0.683586836,-0.519492507,-0.821777701,-0.680515766,-0.673581481,-0.865804315,-0.994356155,-1.027451873,-0.978463948,-1.053678393,-1.026664257,-0.967787087,-0.918653786,-0.996962249,-1.052705526,-0.940731823,-0.694988966,-0.701115072,-0.712358296,-0.770798504,-0.886475205,-0.966126442,-1.017072082
IRQ,-1.563011527,-1.548183203,-1.393393517,-1.512783527,-1.644622922,-1.824270368,-1.716897011,-1.680826664,-1.838028312,-1.768174291,-1.700715303,-1.707236767,-1.556286812,-1.570040822,-1.563913703,-1.448244214,-1.561646819,-1.767076015,-1.753336906,-1.800899744,-1.771152735,-1.798078537,-1.748872519,-1.750573039
ISL,1.60150218,1.659660578,1.796794534,1.859159708,1.918754578,1.906124234,1.939324021,1.88209331,1.827796102,1.853190541,1.706915379,1.706615806,1.688566923,1.67797339,1.653921008,1.704725385,1.633995533,1.483637214,1.57001698,1.679163933,1.72634089,1.751323938,1.712641954,1.703025818
ISR,1.278926015,0.993849754,1.001001835,1.069823146,0.910984516,0.848270535,0.807715952,0.891168356,0.816402733,0.837563396,0.83513397,0.909712017,1.005322695,0.928755701,0.971638501,1.105474949,1.131567359,1.040194869,0.989848971,0.960281312,1.01208365,0.936142623,0.906950951,0.945248723
ITA,1.056424022,0.801862299,0.838105559,0.740141988,0.688429892,0.590003908,0.509243011,0.379006386,0.467548192,0.447921455,0.399145484,0.454773188,0.483442843,0.425940156,0.436367184,0.422377765,0.288587987,0.367524952,0.319811523,0.240896881,0.273004681,0.207708836,0.240628809,0.297009468
JAM,-0.335017145,-0.248288304,-0.481999129,-0.344297826,-0.5007236,-0.412029088,-0.410603523,-0.396132678,-0.350273311,-0.297387421,-0.401666194,-0.432371795,-0.371135145,-0.346987486,-0.31927675,-0.236792937,-0.191106841,-0.172127351,-0.133667439,-0.217798144,-0.310624003,-0.239620462,-0.196268678,-0.071926758
JOR,0.276932895,0.300132543,0.358365744,0.061608892,0.324614763,0.297468901,0.29918322,0.303705812,0.363159925,0.397879958,0.216567948,0.146154016,0.200583994,0.350899756,0.375538468,0.467406094,0.415201694,0.246177837,0.236002967,0.231556088,0.132585108,0.18873316,0.182648703,0.217172459
JPN,1.347828865,1.348525167,1.289759159,1.148551702,1.16399014,1.249472499,1.224396586,1.351525664,1.319830894,1.308669209,1.28708303,1.319658637,1.303699255,1.351365805,1.436062217,1.598023415,1.485624194,1.38481319,1.529440165,1.494167566,1.497002721,1.473686934,1.540563464,1.558240294
KAZ,-1.186537743,-1.113345981,-1.150914669,-1.202426076,-1.096897006,-1.126467347,-0.953236163,-1.102119327,-1.031902909,-0.926385999,-0.723441064,-0.695639729,-0.641633809,-0.772899032,-0.716203809,-0.609330893,-0.515773535,-0.512927592,-0.487215579,-0.503434122,-0.509888172,-0.466539711,-0.508473933,-0.474393338
KEN,-1.021580696,-1.028106928,-0.921858788,-0.966853559,-0.923378527,-0.864229918,-0.880881011,-0.882364631,-0.971304595,-0.999996305,-1.022645473,-0.953961968,-0.91299665,-0.831432939,-0.714889407,-0.411822498,-0.506872714,-0.455839783,-0.430152923,-0.4276537,-0.464465976,-0.577875257,-0.421999156,-0.321951181
KGZ,-0.725473285,-0.795788229,-0.906720698,-0.853914261,-0.760160029,-0.793166995,-1.123240829,-1.317292809,-1.321947098,-1.382913947,-1.329753757,-1.269457459,-1.196112633,-1.13484776,-1.114896059,-0.935829699,-1.012969017,-1.042680621,-0.947567046,-0.928147078,-0.913639009,-0.959660351,-1.098847032,-1.147808433
KHM,-1.194368839,-1.17863512,-1.08395493,-1.162861705,-1.155108333,-1.214471936,-1.241782188,-1.238224626,-1.145186782,-1.155679584,-1.123961687,-1.123091936,-1.050488114,-0.98134619,-1.007445931,-0.954109788,-0.996449172,-1.080978751,-1.07539475,-1.134575367,-0.954869926,-0.963570416,-0.919126272,-0.866584659
KIR,0.809140563,0.876508176,0.839712262,0.833945811,0.83328414,0.604025424,0.750548363,0.885014534,0.810023129,0.399890423,0.142270759,0.061862402,0.121154495,0.182903424,0.229458466,-0.105000816,-0.154481679,0.298903853,0.600542307,0.576801479,0.817287028,1.009463787,0.884038448,0.622419
KNA,0.809140563,0.876508176,0.839712262,0.833945811,0.83328414,0.866565824,0.871094525,0.921211839,0.893503189,0.952271879,0.99384594,0.976546347,0.979530811,0.972676516,0.972780228,-0.674128115,0.486391574,0.461238354,0.496008605,0.519412875,0.436729878,0.483081073,0.45522669,0.502344728
KOR,0.798747361,0.778700531,0.83033973,0.920009971,0.80029881,0.909604073,0.974222898,0.83795172,1.010549784,0.860504568,0.994238853,1.00820756,1.025590301,0.984835565,0.945151508,1.006099105,0.902760029,1.127510786,1.130141139,1.199627161,1.156710029,1.147331357,1.096293449,1.159703135
KWT,0.598828971,0.608353674,0.55249095,0.591441989,0.548373997,0.507475495,0.527741909,0.529348493,0.593082547,0.58051306,0.580420554,0.585773587,0.542900205,0.362745106,0.360852838,0.023226205,-0.020576319,0.007749114,0.078640938,0.185752928,0.192158148,0.308871776,0.240280911,0.280016601
LAO,-1.047949672,-0.992841363,-1.057200789,-1.25275147,-1.380210757,-1.259657979,-1.173480153,-1.014828324,-0.956503332,-0.874180317,-1.049798012,-0.974354088,-1.002358794,-0.856835246,-0.803554475,-0.756003857,-0.819004893,-0.811310947,-0.90471828,-0.863172948,-0.968699157,-0.880950749,-0.663793445,-0.805023313
LBN,-0.282953978,-0.41389513,-0.16597046,-0.278718442,-0.346831739,-0.201959789,-0.232234254,-0.601163983,-0.656928778,-0.606169164,-0.614996731,-0.644749224,-0.634227335,-0.700235009,-0.731645644,-0.720965028,-0.80687654,-0.809735656,-0.808564723,-0.782223165,-0.852389216,-0.905710816,-1.091359019,-1.10264194
LBR,-1.927978277,-1.802050948,-1.880869508,-1.631252885,-1.533646107,-1.563163638,-1.319937825,-0.883909762,-0.906182289,-1.105971694,-1.025160193,-0.973339379,-0.937408507,-0.888212502,-0.881992996,-0.803596199,-0.87652719,-0.966556847,-0.97061491,-1.001456499,-1.005297542,-1.035418153,-0.942568839,-0.915244639
LBY,-1.183470845,-1.118726015,-0.997799516,-1.143618464,-0.907567978,-0.910640359,-0.980864763,-1.080170631,-0.955795527,-0.823480368,-0.943409562,-1.009421706,-1.078314066,-0.980967283,-1.260800362,-1.389462471,-1.521398187,-1.696880937,-1.681530714,-1.690319538,-1.762513995,-1.880337238,-1.803972363,-1.802445412
LCA,0.809140563,0.876508176,0.839712262,0.833945811,0.83328414,0.803764105,0.826629877,0.873946965,0.84882313,0.912249744,0.890109956,0.852938831,0.826713979,0.720896304,0.771275342,0.626313031,0.698509932,0.548483729,0.606637657,0.631884336,0.589768767,0.660261154,0.604782999,0.661592185
LIE,1.467703342,1.47467351,1.497418046,1.484874725,1.271467805,1.080844164,0.966194272,1.059530973,1.394881964,1.420503497,1.611284494,1.616719484,1.610260248,1.594992995,1.577415586,1.73981142,1.64631331,1.647177696,1.633870602,1.634831667,1.636691809,1.716376781,1.704547763,1.720416307
LKA,0.161260232,0.064277157,0.159529582,0.338851631,0.244941875,0.21113658,0.158469424,0.177752674,0.131876916,-0.000771665,-0.101635471,-0.118414134,-0.117064774,-0.114084356,-0.265588671,-0.149271369,0.031726025,0.107241459,0.026702216,-0.00040862,0.039557587,-0.007581946,0.017869212,-0.056925315
LSO,0.098356642,0.167446434,0.098110527,0.082418576,0.084663391,-0.12588723,-0.189165324,-0.236582726,-0.312398791,-0.24636732,-0.221786112,-0.290129393,-0.270240843,-0.269323468,-0.203317836,-0.209582657,-0.194529787,-0.186165527,-0.299606234,-0.366134912,-0.424627781,-0.487081766,-0.42984879,-0.48737219
LTU,0.449879706,0.552288771,0.218402535,0.397895068,0.485247016,0.560759306,0.577139497,0.706575036,0.685900152,0.684017599,0.722068608,0.77632606,0.76803118,0.844753981,0.829977274,0.937443316,0.97819221,0.99732703,0.961101294,0.923340857,0.986618876,0.950274825,1.074934721,1.060279012
LUX,1.709999084,1.763727546,1.815313816,1.870569706,1.827028513,1.844977856,1.818800569,1.686774373,1.747909904,1.78934145,1.819683671,1.844100356,1.823530078,1.791685104,1.807661772,1.902147532,1.838808656,1.720872998,1.69941771,1.768349648,1.750148296,1.738464713,1.748023629,1.769147038
LVA,0.133667782,0.236508295,0.14890109,0.310219884,0.58185941,0.538846016,0.565877914,0.61689353,0.715804815,0.777326226,0.789916635,0.75860405,0.74016881,0.779922068,0.762004912,0.870828807,0.766348302,0.928149939,0.900340319,0.923249125,0.979363859,0.922364891,0.950110793,0.921995938
MAC,0.211933628,0.201268852,0.18939881,0.688569546,1.228445053,1.371109247,0.720198452,0.434603959,0.309399664,0.457685977,0.706063688,0.71714294,0.686168373,0.647356212,0.638162911,0.950151205,0.891312778,0.821662128,0.814666867,0.971920669,0.882088602,0.812058628,0.780774713,0.791746438
MAR,0.221231312,0.129340261,0.098202221,-0.049010798,-0.112911001,-0.049032051,-0.269636899,-0.318183392,-0.32965067,-0.385672748,-0.262815058,-0.213534176,-0.275484473,-0.292328745,-0.34456414,-0.130764112,-0.181169167,-0.273145229,-0.278771549,-0.248697802,-0.236701235,-0.188088924,-0.245559037,-0.197303429
MCO,0.809140563,0.876508176,0.839712262,0.833945811,0.83328414,0.826330423,0.776517034,0.984307051,0.87686491,0.901979089,0.943857253,0.882354259,0.939608097,0.926880658,0.929197848,-0.187513292,1.512989044,1.513311863,1.534928083,1.536625862,1.510484815,1.367854357,1.390515685,1.48544991
MDA,-0.121130094,-0.063543558,-0.468696684,-0.626159787,-0.539445102,-0.36706993,-0.351528734,-0.517649949,-0.506612957,-0.424041241,-0.434595019,-0.35761109,-0.327680469,-0.323007405,-0.36957255,-0.244262472,-0.371577144,-0.510394037,-0.435822159,-0.433740765,-0.450450361,-0.501107097,-0.357132047,-0.286658674
MDG,-0.403521746,-0.37104407,-0.193513155,-0.209681615,-0.246573523,-0.274371654,-0.352792233,-0.448409081,-0.389401674,-0.455655754,-0.732627451,-0.878425717,-0.894967437,-0.927833796,-0.920528054,-0.736539125,-0.704786956,-0.832802236,-0.878510773,-0.836624086,-1.013272643,-0.879376113,-0.885180354,-0.942355335
MDV,0.01748983,-0.17673704,0.253678381,-0.069341622,0.079446733,-0.298393637,0.09036915,-0.034912698,-0.131116077,-0.171761319,-0.151592925,-0.319186181,-0.542268932,-0.544501007,-0.748006761,-0.520292759,-0.587077856,-0.394261837,-0.63834554,-0.55726546,-0.411952257,-0.303693801,-0.186269343,-0.027355907
MEX,-0.726646364,-0.532132268,-0.426509559,-0.349208415,-0.377902716,-0.40991047,-0.382989526,-0.472546279,-0.542932212,-0.68928355,-0.562868834,-0.552031338,-0.549887717,-0.535180092,-0.549149871,-0.406367481,-0.454451054,-0.580000639,-0.585919917,-0.641823947,-0.658984363,-0.646558285,-0.806147993,-0.866642535
MHL,-0.202153459,-0.161209628,0.839712262,0.833945811,0.83328414,0.826330423,0.498723,0.627963364,0.873276591,0.790415227,0.33556205,0.404105574,0.172931656,0.106395051,0.244046077,-0.200024933,0.001735711,0.117478736,0.28780067,0.163996771,0.458869159,0.595379114,0.769646406,0.725977838
MKD,-0.307622254,-0.331668794,-0.596572578,-0.576304018,-0.50677222,-0.192752615,-0.297171354,-0.537630379,-0.421303213,-0.320377529,-0.291893154,-0.302208334,-0.269508898,-0.251570195,-0.230700821,-0.055596132,-0.237048775,-0.342697591,-0.308716685,-0.307711989,-0.305708945,-0.10571564,-0.099911168,-0.09628012
MLI,-0.296910822,-0.227835923,-0.241970614,-0.26400432,0.030082576,-0.194137424,-0.140042946,-0.287434399,-0.182401553,-0.319483638,-0.363101393,-0.447257936,-0.500218213,-0.66488874,-0.747100413,-0.635085225,-0.751449585,-0.798813403,-0.793805599,-0.815356374,-0.864916384,-0.950111389,-0.919275939,-0.999322295
MLT,1.053969502,1.26121223,1.364152908,1.474942684,1.539959669,1.313317418,1.415869355,1.555626631,1.612925768,1.613659978,1.473655939,1.410112262,1.27858007,1.338508248,1.325734019,1.191220164,1.106397867,0.967930019,1.110819697,1.019527435,0.921010733,0.88351953,0.836222589,0.787202716
MMR,-1.580613971,-1.534330487,-1.42889154,-1.716236353,-1.703699946,-1.736289382,-1.735870838,-1.535485148,-1.549232721,-1.542073727,-1.535036683,-1.551294684,-1.439666033,-1.356775403,-1.243450284,-1.194209933,-1.258871198,-0.900859356,-0.959706306,-1.043103933,-1.078514218,-1.194724917,-1.467987776,-1.528553843
MNE,-0.6896018015000001,-0.79322499,0.316736132,0.274070203,-0.175401419,-0.215662122,-0.138817459,-0.212690175,-0.194273695,-0.088904634,-0.016553286,-0.063613631,-0.058861792,-0.058480583,-0.034214381,0.014262914,-0.044898976,-0.133728698,-0.109790176,0.00317245,-0.006880668,-0.039458431,-0.083548173,-0.125401407
MNG,0.201410368,0.242999539,0.000508486,0.240923017,0.298580945,0.17883037,-0.218004078,-0.316718906,-0.340681046,-0.33484903,-0.263375491,-0.364841193,-0.262269258,-0.367212653,-0.362178117,-0.330959737,-0.390086353,-0.226150915,-0.316355377,-0.278373808,-0.257835925,-0.267986298,-0.249986231,-0.187423229
MOZ,-0.805689931,-0.832234144,-0.802073956,-0.732186139,-0.701580405,-0.680054009,-0.633744419,-0.619978487,-0.609173477,-0.616658092,-0.600408316,-0.48764661,-0.579845726,-0.598753095,-0.81991297,-0.808949351,-0.868800402,-1.074712157,-1.008332849,-1.067342639,-1.056031585,-1.061634064,-1.041041493,-1.021475792
MRT,-0.503623307,-0.457131624,-0.405623823,-0.486519575,-0.616726696,-0.757936656,-0.725180209,-0.79064399,-0.702090204,-1.160151958,-0.814965606,-0.897638857,-0.929718733,-0.939481437,-1.008838177,-0.873080671,-0.891843855,-0.745787799,-0.619425774,-0.707490385,-0.60823971,-0.605059206,-0.686039746,-0.658643126
MUS,0.895846069,1.017152309,0.944507837,1.000080705,0.924558163,0.899706066,0.941242993,0.830360055,0.851229131,0.938418508,0.897427082,0.887274206,0.935304999,1.02395618,0.966420889,0.94889307,0.843326032,0.68738234,0.668395758,0.709945679,0.696283937,0.890954435,0.846016705,0.799989045
MWI,-0.376664609,-0.42472738,-0.527763844,-0.390916765,-0.180311486,-0.130423248,-0.123802178,-0.222235888,-0.166308999,-0.117958434,-0.11745359,-0.137619033,-0.165708616,-0.240807325,-0.162497178,-0.288721323,-0.329065323,-0.394623488,-0.394216031,-0.405376077,-0.343976617,-0.278625727,-0.249046683,-0.218995497
MYS,0.521090984,0.28235504,0.195348084,0.393110812,0.466075152,0.458940268,0.433445394,0.449109823,0.366876483,0.247283861,0.373885453,0.39389044,0.402631521,0.379769444,0.341402948,0.524190724,0.402314872,0.38782391,0.386965662,0.529128134,0.491362244,0.572214603,0.532973886,0.561897993
NAM,0.251412272,0.178116381,0.120125674,0.279029697,0.288175642,-0.022537267,-0.066113971,0.196435556,0.16077818,0.437859297,0.252103716,0.214178309,0.163114116,0.30407232,0.318986148,0.206357837,0.236736059,0.457169265,0.276348203,0.329466939,0.364460111,0.33342573,0.336586386,0.404543519
NER,-0.655014396,-0.683503091,-0.765444338,-0.646826029,-0.522455037,-0.649457633,-0.721390843,-0.601572275,-0.613011897,-0.680911064,-0.491859823,-0.499165297,-0.407697648,-0.663967431,-0.666100204,-0.650558889,-0.59308511,-0.685213208,-0.70625025,-0.605169058,-0.558125436,-0.576169431,-0.428103358,-0.484884024
NGA,-1.289722919,-1.189121246,-1.160920024,-1.495899796,-1.512510061,-1.439663053,-1.35421598,-1.075395942,-1.06105268,-1.038304806,-1.156107783,-1.158836246,-1.17883873,-1.138828754,-1.120073915,-1.055568933,-0.982365072,-1.037620068,-0.889033139,-0.917747617,-0.938902915,-0.842660069,-0.870013237,-0.913734317
NIC,-0.515926838,-0.605091035,-0.862790763,-0.677636325,-0.56024915,-0.788531184,-0.614661515,-0.752042234,-0.788387358,-0.808183551,-0.786913633,-0.837366939,-0.725575924,-0.733911514,-0.674381673,-0.714282215,-0.755197108,-0.657136381,-0.662410617,-1.078683734,-1.201523185,-1.19912231,-1.365254283,-1.309880257
NLD,1.695256948,1.742527723,1.74453032,1.707259417,1.709473133,1.738020301,1.752622843,1.769746184,1.769875288,1.74962914,1.807020068,1.811732054,1.812573433,1.852681756,1.825339913,1.973513007,1.907309413,1.846506596,1.758017182,1.744731426,1.7351408,1.708140492,1.698805094,1.657425642
NOR,1.923315287,1.949824214,1.830875516,1.848752975,1.881104231,1.9619627,1.912481785,1.965772152,1.928292036,1.95778656,1.873499155,1.88987577,1.864178061,1.951031089,1.970936894,2.024377823,1.975319505,1.995051384,1.980092645,1.922187686,1.941097736,1.931451201,1.908180594,1.762171507
NPL,-0.006175261,0.009221238,-0.210961655,-0.517511368,-0.61063081,-0.753035843,-0.825216174,-0.621390879,-0.588803828,-0.669306338,-0.867817461,-0.959066808,-0.89161092,-0.737359285,-0.718928397,-0.649084508,-0.692901909,-0.810879767,-0.694215536,-0.491404861,-0.553631186,-0.512035429,-0.48886165,-0.448678464
NRU,0.809140563,0.876508176,0.839712262,0.833945811,0.83328414,0.826330423,0.776517034,0.984307051,0.502608538,0.365038484,0.473168194,0.458726168,0.555818677,0.726925969,0.617867887,-1.005572319,-0.601677477,-0.548375607,-0.063968852,-0.062070485,-0.134759158,-0.103149951,-0.074264668,-0.023583662
NZL,1.858393788,1.850499153,1.795413971,1.791151166,1.848329544,1.848830819,1.846398473,1.794790864,1.826816559,1.850659728,1.922674894,1.861887574,1.89464736,1.883210063,1.870151043,2.004160881,1.965509534,1.913917542,1.883379459,1.83372128,1.843664289,1.838716984,1.781844497,1.731797218
OMN,0.550159752,0.4239721,0.537889302,0.450584829,0.466124862,0.51106745,0.306262553,0.286412954,0.401494563,0.586111426,0.549425185,0.53682369,0.461840659,0.518843412,0.486907274,0.485294878,0.352038741,0.38286221,0.405473083,0.436154455,0.527046025,0.592665195,0.383883685,0.500481188
PAK,-0.625289619,-0.793338299,-1.000389218,-0.931637406,-0.920624614,-0.994449377,-0.890321434,-0.857247531,-0.887544632,-0.972613692,-0.838977218,-0.737805545,-0.906628191,-0.883420169,-0.855993092,-0.750930011,-0.776916742,-0.815582871,-0.733362675,-0.68372798,-0.688234627,-0.712482035,-0.658457339,-0.672492206
PAN,-0.166979954,-0.130363435,-0.187658608,-0.08833684,-0.140504897,-0.107689194,-0.101316899,-0.155252963,-0.174098477,-0.203979909,-0.097268507,-0.080293067,0.025878649,-0.222083896,-0.253400028,-0.064788446,-0.141504943,0.033874173,0.007294163,-0.159152254,-0.192042068,-0.285406232,-0.2686961,-0.360025138
PER,-0.696724594,-0.738637686,-0.718046725,-0.557922065,-0.588656902,-0.545422077,-0.700787902,-0.704654872,-0.751626134,-0.730335593,-0.624266803,-0.566099524,-0.580825686,-0.581970215,-0.574129939,-0.522220552,-0.49913317,-0.495757699,-0.52357316,-0.566928744,-0.520251691,-0.385730803,-0.531429529,-0.551391065
PHL,0.074511446,0.027259612,-0.388529211,-0.386543155,-0.550385237,-0.628952265,-0.333545029,-0.406893373,-0.463091701,-0.55022186,-0.574997306,-0.553793609,-0.50638926,-0.522410274,-0.468730181,-0.369280577,-0.417118788,-0.430538148,-0.499839574,-0.564711273,-0.57369107,-0.650772929,-0.666893661,-0.518337488
PLW,0.809140563,0.876508176,0.839712262,0.833945811,0.83328414,0.826330423,0.776517034,0.984307051,0.87686491,0.771132886,0.805255592,0.74797523,0.887741566,0.898058653,0.897257924,0.275646389,0.918242633,0.933672845,0.955453455,1.001824379,0.782942474,0.685480654,0.714702249,0.952804446
PNG,-0.616937637,-0.518381953,-0.758837521,-0.747169495,-0.945253909,-0.762719393,-1.01297164,-0.834696293,-0.861481845,-0.916235209,-0.912058353,-0.93251121,-0.810600579,-0.832595944,-0.942069948,-0.774425447,-0.869617105,-0.780686796,-0.820549846,-0.764962137,-0.800446093,-0.711277246,-0.751807809,-0.616135001
POL,0.767495036,0.798767924,0.633313119,0.670436203,0.510291219,0.416306943,0.470091373,0.382761627,0.40907228,0.550622165,0.645846784,0.712359011,0.794908702,0.817868531,0.839548349,0.871664524,0.803561628,0.593977213,0.399381787,0.376462787,0.390535206,0.520833731,0.427254051,0.430609286
PRI,0.96063441,0.957083583,0.970597625,0.948852479,0.703260601,0.788976133,0.585461497,0.51868993,0.575748801,0.53743279,0.761055648,0.760903239,0.726528645,0.793113589,0.667774379,0.766151249,0.71679008,0.629420042,0.593187332,0.556203604,0.558157504,0.604394853,0.575343668,0.533023357
PRK,-1.154060125,-1.153196096,-1.066339135,-1.315216064,-1.167234182,-1.275382996,-1.141587377,-1.393410683,-1.260287404,-1.235351801,-1.344023705,-1.382789493,-1.385836244,-1.354029894,-1.382066011,-1.619468331,-1.65658474,-1.674803257,-1.723759651,-1.64309454,-1.661251783,-1.608651996,-1.634662986,-1.661086679
PRT,1.286294818,1.242640018,1.200192928,1.307514071,1.276252508,1.233051419,1.224315524,0.97526747,1.003112078,1.011244416,1.058413267,1.025784135,0.996393919,1.036111951,1.038563251,1.119520068,1.101606846,1.04298377,1.102251887,1.107582092,1.105702162,1.155114055,1.106165409,1.113929033
PRY,-0.663562596,-0.834110796,-0.989421189,-1.123306632,-1.052339792,-0.981866181,-0.963428319,-0.971096039,-0.964514315,-0.910835207,-0.857977033,-0.830411494,-0.800011337,-0.81082052,-0.766909003,-0.604193926,-0.6443187,-0.69051373,-0.669473231,-0.602721274,-0.568127096,-0.428430766,-0.575048804,-0.590548575
PSE,-0.039659597,-0.051891938,-0.096575677,-0.348653823,-0.107248865,-0.269434273,-0.343224317,-0.391614825,-0.625909269,-0.758877277,-0.314800739,-0.209301576,-0.436717898,-0.445701063,-0.400905102,-0.383387715,-0.526341379,-0.361717165,-0.435592055,-0.503634155,-0.504966557,-0.474753052,-0.511383533,-0.552935243
QAT,-0.035593808,0.172034457,0.488340974,0.52409327,0.424307197,0.338918656,0.576530278,0.624771059,0.519775093,0.670135021,0.902352452,0.845954716,0.750734091,0.952364326,0.95217073,0.86247611,0.743875921,0.766114712,0.695322931,0.704719603,0.706691504,0.978387594,0.905077398,0.919315934
ROU,-0.021942498,-0.110562637,-0.181834966,-0.265604585,-0.210054368,-0.186782703,-0.154217437,-0.134708419,-0.105703734,-0.01557025,0.053940374,0.106409565,0.104707606,0.092900537,0.190192178,0.242191851,0.204612628,0.453534782,0.435917228,0.367517263,0.415537626,0.368579715,0.381128639,0.404155731
RUS,-0.794187605,-0.855796993,-1.083695054,-0.874504149,-0.957668245,-0.915175259,-0.963954508,-0.987496436,-1.007557988,-1.011455894,-0.80649823,-0.79579109,-0.747264206,-0.857621253,-0.82155776,-0.772919178,-0.814797997,-0.844158888,-0.845057905,-0.832453251,-0.770942986,-0.805172265,-0.885359228,-1.195294023
RWA,-1.502152324,-1.460957766,-1.370818377,-1.071291208,-0.958221376,-0.851733506,-0.862899542,-0.675532937,-0.579642594,-0.472401887,-0.504221857,-0.330831766,-0.304123908,-0.25050208,-0.146716297,0.070237465,0.038801968,0.096975163,0.116847567,0.109598584,0.063206613,0.077767387,0.171731099,0.146466091
SAU,0.114562631,0.046700627,-0.165411279,-0.017828591,0.108946495,0.012112825,-0.022657473,0.011266703,0.067988209,0.068728328,0.045110777,0.149531841,0.046536326,0.144349769,0.152995586,0.132624105,0.096156746,0.314686716,0.075813301,0.117317118,0.144550726,0.214917377,0.206341878,0.290623277
SDN,-1.708835721,-1.670088053,-1.631618261,-1.320370078,-1.556952,-1.531639934,-1.649950027,-1.376057744,-1.424864531,-1.445023775,-1.270070553,-1.337230921,-1.30141592,-1.243647814,-1.283145666,-1.169579864,-1.233177066,-1.282137632,-1.125489712,-1.138877034,-1.176162958,-1.088912487,-1.219706416,-1.264525056
SEN,-0.181543231,0.068834841,0.079988182,0.089251734,-0.052030485,0.020185215,0.009816418,-0.22130622,-0.239804193,-0.280423701,-0.367224395,-0.397503406,-0.456045747,-0.281967074,-0.236131489,-0.075510599,-0.15880163,-0.122207463,-0.169250667,-0.223899484,-0.215916842,-0.319043964,-0.401197374,-0.262500226
SGP,1.239345193,1.237705231,1.272660255,1.377238035,1.53715086,1.638096452,1.695873618,1.573898673,1.595723987,1.594892859,1.558843374,1.618847609,1.660753489,1.724078059,1.69718194,1.820654988,1.778781414,1.785961628,1.784070969,1.802677035,1.837814331,1.835626006,1.820004106,1.779277682
SLB,0.739518106,0.7313869,0.571376622,0.140795693,0.210127503,-0.789211392,-0.814222395,-0.603670895,-0.78153491,-0.63335222,-0.675235212,-0.647864223,-0.518693209,-0.528098583,-0.512893558,-0.490208209,-0.489762008,-0.30101788,-0.190316245,-0.20193398,-0.109286606,-0.037756845,-0.364999384,-0.241932362
SLE,-1.381991386,-1.314346433,-1.2887429,-1.344338536,-1.194705486,-1.150321126,-1.151015639,-0.992507756,-0.994199395,-0.944533825,-0.914634764,-0.9471398,-0.862535298,-0.867620051,-0.867795408,-0.935593963,-0.880601048,-0.802384138,-0.807308137,-0.796907842,-0.804334581,-0.793761194,-0.839913309,-0.828648925
SLV,-0.870225966,-0.690760374,-0.803453267,-0.566521049,-0.51685524,-0.490908056,-0.505208492,-0.691741586,-0.722936034,-0.694341421,-0.783321619,-0.865749896,-0.751709402,-0.728603363,-0.636897326,-0.469058067,-0.616285026,-0.757565737,-0.872741163,-0.930241406,-0.865680158,-0.775593698,-0.865895867,-0.741353929
SMR,0.809140563,0.876508176,0.839712262,0.833945811,0.83328414,0.826330423,0.776517034,0.984307051,0.87686491,0.901979089,0.943857253,0.882354259,0.939608097,0.926880658,0.929197848,-1.412286535,1.512989044,1.513311863,1.534928083,1.536625862,1.510484815,1.61627841,1.64212966,1.749781728
SOM,-2.144657373,-2.136153221,-2.190433979,-1.937135339,-2.048284769,-2.288663864,-2.219452381,-2.350462914,-2.419229984,-2.590877056,-2.45029664,-2.40626359,-2.338278532,-2.418204069,-2.406163454,-2.355515003,-2.315545559,-2.316461563,-2.263080597,-2.298715591,-2.380809069,-2.313533545,-2.281856298,-2.286855459
SRB,-1.262493134,-1.264376521,-1.277987123,-0.903619349,-0.904821992,-0.738363147,-0.948700786,-0.536948502,-0.464271188,-0.491749674,-0.474458635,-0.430014491,-0.325049341,-0.332835764,-0.298619896,-0.094555423,-0.07584653,-0.126964137,-0.179856867,-0.170304462,-0.143760264,-0.122738957,-0.114918962,-0.113290347
SSD,-0.496850938,-0.5008261055,-0.535474673,-0.5517241135,-0.561506279,-0.48494837450000006,-0.7411830425,-0.52387172,-0.46083501,-0.493274614,-0.5865149795,-0.556576431,-1.273476243,-1.416702867,-1.535627604,-1.850915551,-1.894966125,-1.976793885,-1.97194159,-1.986111164,-2.008500814,-1.970399737,-2.070810795,-2.055449009
STP,0.268791258,0.26272431,0.207037777,-0.199828878,-0.218190566,-0.231533602,-0.533665299,-0.510794938,-0.457398832,-0.494799554,-0.698571324,-0.683138371,-0.669470012,-0.74639219,-0.770315468,-0.790833831,-0.77481401,-0.687102139,-0.726939261,-0.713534415,-0.692302823,-0.705098152,-0.727748752,-0.61407131
SUR,-0.080992602,-0.004134504,-0.038425419,-0.127914935,-0.052874338,-0.179757029,-0.13585934,-0.226305485,-0.246702716,-0.234130025,-0.124648117,-0.05776104,-0.047765844,-0.06157472,-0.048841041,-0.136010766,-0.216468394,-0.174920201,-0.173062906,-0.088033684,-0.083830982,-0.132176608,-0.125704721,-0.127625868
SVK,0.159563527,0.168831423,0.299946576,0.285690129,0.33178857,0.464085937,0.490570605,0.488393605,0.428628772,0.527956009,0.534014344,0.563034415,0.597754776,0.485911757,0.463612854,0.485101789,0.466433674,0.597371817,0.512414992,0.472636402,0.499799252,0.654226005,0.679373205,0.622537851
SVN,1.068722963,1.177163124,0.967030942,0.883090198,0.849399567,0.913738012,0.883541584,0.89984107,0.945623457,1.007849693,1.0689044,1.001982331,1.0452075,1.009067059,0.994327009,0.999612212,0.945320547,1.050758123,0.991815984,1.024187922,1.084723592,1.038197994,1.002724767,0.972656548
SWE,1.795861244,1.751435757,1.800186872,1.842468262,1.886711001,1.872562289,1.797751307,1.851176381,1.891827822,1.91915679,1.958281636,1.930308819,1.91803658,1.928277612,1.950551629,1.9751724,1.990263104,1.952418804,1.817896962,1.783937216,1.791921258,1.766856194,1.70026207,1.690068483
SWZ,-0.474024802,-0.662509441,-0.715451121,-0.782026052,-0.613890231,-0.800742328,-0.879012823,-0.598636866,-0.694624126,-0.531721473,-0.480329961,-0.470664561,-0.533692062,-0.535372555,-0.492828667,-0.310973823,-0.319038302,-0.380347073,-0.276079923,-0.276786596,-0.479818255,-0.501701951,-0.575594962,-0.602303207
SYC,0.599600136,0.620563447,0.72542876,0.675584912,0.764780939,0.510814488,0.401306272,0.171267152,0.312711805,0.360625088,0.117766954,0.059988741,-0.001035369,0.058190312,0.167196572,0.250029027,0.337751359,0.287313491,0.169449851,0.281118184,0.251167297,0.238317847,0.303267598,0.460202545
SYR,-0.546156049,-0.537084103,-0.506055653,-0.560230851,-0.483061969,-0.476456583,-0.594401121,-0.930595398,-0.834666193,-0.721992612,-0.579241037,-0.593127608,-0.778770328,-1.128444195,-1.406198382,-1.357715845,-1.435190082,-1.99247241,-2.096120119,-2.054050684,-2.087435246,-2.087320328,-2.082003117,-2.069442272
TCD,-1.256111383,-1.190580368,-1.130994678,-1.109009862,-1.51830554,-1.333033085,-1.503738165,-1.552998543,-1.543281198,-1.625773191,-1.526721835,-1.513559818,-1.484594107,-1.463904142,-1.397757053,-1.150422812,-1.210497618,-1.406829596,-1.321412563,-1.331208229,-1.314158916,-1.33145833,-1.341388702,-1.372529984
TGO,-0.73124963,-0.75963217,-0.649043918,-0.830014586,-0.955924153,-1.10269165,-1.064425945,-0.9487499,-0.930305898,-0.833383977,-0.896127939,-0.935580134,-0.893909216,-0.948060036,-0.984186471,-0.8583318,-0.819108129,-0.652705848,-0.732762277,-0.619138241,-0.591685474,-0.674063563,-0.586597383,-0.558834016
THA,0.539628804,0.509335399,0.579018056,0.386922985,0.153711155,0.062387291,-0.007557075,-0.069355071,-0.137440488,-0.159740418,-0.260052651,-0.233622625,-0.229752526,-0.172369108,-0.139015213,-0.220252082,-0.188147739,-0.02816234,0.013658274,-0.004077561,0.088566415,0.109724149,0.094890401,0.067307785
TJK,-1.648157358,-1.533623457,-1.381689906,-1.083540678,-1.066578031,-1.183137178,-1.100242376,-1.182174087,-1.296047091,-1.295549631,-1.272465706,-1.212895751,-1.232399344,-1.207619905,-1.263131618,-1.011778951,-1.074394703,-1.165802956,-1.376902461,-1.303210497,-1.253252268,-1.248422623,-1.206926942,-1.255800605
TKM,-1.487391114,-1.410501361,-1.369858265,-1.423979998,-1.318964601,-1.628067613,-1.611423492,-1.641041875,-1.565951347,-1.459977388,-1.453704476,-1.473316193,-1.433294535,-1.380708814,-1.361538053,-1.344346046,-1.41903162,-1.48770535,-1.479838133,-1.464165211,-1.409512997,-1.399462342,-1.458507538,-1.492236853
TLS,-1.568575501,-1.568880916,0.274133086,-0.837535024,-0.429828256,-0.592411339,-0.50909394,-1.110409856,-1.20347333,-1.050704479,-1.202965498,-1.18515873,-1.186765313,-1.143766642,-1.212670445,-1.112548113,-1.133237243,-1.175579429,-1.176247716,-1.138637781,-1.128437638,-1.196821332,-1.026326776,-0.88339597
TON,0.809140563,0.876508176,0.839712262,0.833945811,-0.174448386,0.014129568,0.559429646,0.619174004,0.503692031,0.106922202,-0.070649169,0.099881336,0.010710749,-0.023023434,0.0174511,-0.160119161,-0.218955487,0.30263564,0.309286714,0.426162243,0.498170644,0.494029403,0.429098636,0.594402671
TTO,0.534295142,0.59451288,0.413654536,0.435027242,0.234208837,0.036098801,-0.007824289,-0.226843059,-0.151492447,-0.225084588,-0.207649529,-0.198580101,-0.179331794,-0.166715115,-0.204375163,-0.106046513,-0.155741572,-0.210172936,-0.132191524,-0.169320345,-0.1701781,-0.17109856,-0.157717898,-0.167874694
TUN,-0.30340305,-0.319455385,-0.280462772,-0.166766956,-0.190574974,0.046694163,-0.036268614,0.112958908,0.080828972,0.079568602,0.119992301,0.038853329,-0.192856058,-0.163849369,-0.178690434,-0.068618946,-0.046425268,0.021864053,0.093355641,0.053447079,0.086751573,0.142935649,0.065718137,-0.085312277
TUR,-0.13879478,-0.099510565,-0.070946209,-0.082183205,0.103039585,0.084699281,0.117468551,-0.003374322,-0.035805915,0.022844687,0.04890855,0.049980123,0.015457718,-0.036608554,-0.004461078,-0.075808413,-0.232355148,-0.341918141,-0.318338752,-0.390645027,-0.347564906,-0.420469642,-0.432599366,-0.458115965
TUV,0.809140563,0.876508176,0.839712262,0.833945811,0.83328414,0.762897849,1.261578798,1.079418302,0.991006613,0.977942824,1.016330481,0.992874682,0.993217349,0.559754252,0.591498137,0.507215321,0.43604359,0.558649242,0.63725251,0.61495012,0.561684668,0.650380731,0.722857356,0.812607884
TZA,-0.186238185,-0.16628775,-0.337012172,-0.341501385,-0.308773816,-0.389665663,-0.286303788,-0.444665194,-0.378879935,-0.355245709,-0.48013407,-0.486346453,-0.514893711,-0.537633419,-0.477214456,-0.400824994,-0.395179778,-0.394902527,-0.469080985,-0.572451293,-0.573558688,-0.616245627,-0.556608737,-0.443158507
UGA,-0.580390334,-0.646357477,-0.866051257,-0.69790113,-0.540637612,-0.693985939,-0.542147875,-0.325426668,-0.357663184,-0.34488222,-0.411506861,-0.39686957,-0.35968861,-0.35627982,-0.346435457,-0.394620955,-0.414675444,-0.270433575,-0.319819033,-0.321435153,-0.344945699,-0.347207844,-0.367464244,-0.383247644
UKR,-0.823546648,-0.982280314,-1.093720078,-0.843995512,-0.823217571,-0.775088072,-0.804544687,-0.821370304,-0.746359885,-0.703015566,-0.786728382,-0.844159186,-0.851141274,-0.817339003,-0.844641566,-0.829405069,-0.87250638,-0.815906703,-0.754658937,-0.759869158,-0.744596004,-0.712013125,-0.681360543,-0.918780208
URY,0.561770856,0.617432356,0.556891263,0.674292743,0.656516373,0.456370503,0.458849579,0.551547348,0.600704789,0.613664508,0.755774736,0.786790609,0.731594443,0.614688694,0.576835692,0.761916339,0.737417758,0.61939919,0.556687534,0.570794284,0.60366255,0.648838937,0.698169112,0.76768893
USA,1.500218987,1.566960216,1.564632893,1.516905546,1.554449558,1.418304443,1.528270125,1.592660189,1.611145735,1.628714204,1.591320157,1.631022215,1.590986013,1.620341778,1.549293876,1.606930375,1.562773108,1.580512166,1.60738492,1.475686669,1.42403543,1.335382342,1.390642166,1.371688485
UZB,-1.239178658,-1.25742805,-1.200798869,-1.440067172,-1.246617198,-1.336809754,-1.478708982,-1.453594685,-1.224704981,-1.17363584,-1.326195478,-1.416641831,-1.452401876,-1.299275875,-1.235225201,-1.134198904,-1.13810277,-1.127667904,-1.134913325,-1.098129988,-1.081380248,-1.112733006,-0.92204082,-0.854107201
VCT,0.809140563,0.876508176,0.839712262,0.833945811,0.83328414,0.866565824,0.826629877,0.873946965,0.695627749,0.965724766,0.91862005,0.883622527,0.966215849,0.987828314,0.963633358,0.614199519,0.61697185,0.432498306,0.425320804,0.444380105,0.457475066,0.596180677,0.579966903,0.644336641
VEN,-0.750197589,-0.706548154,-0.865234494,-1.159012079,-1.336354256,-1.256648779,-1.258513927,-1.409444451,-1.570480943,-1.635781407,-1.625952482,-1.669150472,-1.686401486,-1.71477735,-1.785813451,-1.909058452,-2.052217722,-2.266858339,-2.258755684,-2.265742064,-2.259727001,-2.333315134,-2.299958467,-2.197214365
VIR,-0.6163121014999999,-0.5546347645,-0.6053985205,-0.919006854,-0.9865888955,1.193938255,1.109415412,1.069221497,0.826464057,0.847226143,0.856926978,0.847112179,0.829746902,0.834794283,0.842209876,0.019607974,0.830110431,0.578207672,0.5742926,1.056800961,1.026434422,0.87100625,0.887287676,0.956785858
VNM,-0.482426614,-0.402721375,-0.345562547,-0.679001629,-0.636823535,-0.604071081,-0.317553699,-0.518898845,-0.490206182,-0.464453906,-0.531529665,-0.581304908,-0.541880786,-0.554923773,-0.51548928,-0.360538632,-0.356080949,0.065185107,0.040491838,-0.035344757,-0.050218094,-0.18871294,-0.171954915,-0.158443406
VUT,0.323560953,0.333779961,0.897578895,0.895070076,0.911131322,0.460913152,0.517324984,0.567534447,0.590501487,0.509779751,0.408267707,0.264050841,0.298266947,0.335755438,0.366945237,0.230402738,0.124421708,0.402650177,0.544383764,0.391720504,0.210106045,0.297599733,0.447897673,0.32061547
WSM,0.947909057,0.959765494,0.978470504,1.259713531,1.271467805,0.989858389,1.11041069,0.987025738,0.95132494,0.851571798,0.668311,0.679114759,0.726216853,0.737992704,0.753769517,0.797605693,0.744271994,0.869581997,0.938193321,0.912800968,1.162507057,1.009463787,0.884038448,0.945017695
YEM,-1.379763603,-1.392270207,-1.457241654,-1.473910689,-1.26041019,-1.233476639,-1.267335534,-1.039284348,-0.969070315,-0.984243035,-1.093294859,-1.092339396,-1.29189229,-1.277677536,-1.186562181,-1.195837498,-1.288281918,-1.673383236,-1.765303373,-1.80685091,-1.790670753,-1.776093245,-1.802895427,-1.849666953
ZAF,0.087929197,0.157686293,0.148772299,0.027391721,0.037599266,0.004516266,-0.011951254,0.181309819,0.000255581,0.005417761,0.072423071,0.097749457,0.129662588,0.084444158,0.13549374,0.155454814,0.016313421,0.045057837,-0.15508239,-0.221448287,-0.183931217,-0.240638092,0.069079861,0.019737322
ZMB,-0.531715393,-0.468716353,-0.5328269,-0.349135816,-0.381814122,-0.479586214,-0.517538428,-0.549666524,-0.529506207,-0.404740959,-0.479686052,-0.496428072,-0.456424236,-0.360225439,-0.261999786,-0.224575788,-0.242752284,-0.31208849,-0.33975932,-0.35820049,-0.474514842,-0.648182869,-0.607837975,-0.519154012
ZWE,-0.814238489,-0.774310112,-1.381908417,-1.596318245,-1.60702157,-1.688897371,-1.834908366,-1.751685381,-1.808640599,-1.791505337,-1.870020509,-1.837631822,-1.793949366,-1.630184054,-1.5872612,-1.441469073,-1.338472843,-1.390663385,-1.396203876,-1.292463303,-1.303515315,-1.329611182,-1.277201533,-1.236283779
